{
  "sheetsById": {
    "Scene": {
      "staticOverrides": {
        "byObject": {
          "text": {
            "position": {
              "x": 0.07999999999999997,
              "y": 0.29999999999999993,
              "z": -62.58428909552694
            },
            "rotation": {
              "x": 0,
              "y": 0,
              "z": 1.5839881271281981
            }
          },
          "fibonacci": {
            "position": {
              "x": 1.4628289218453958,
              "y": -3.467928741707832,
              "z": -10.878423969099074
            },
            "rotation": {
              "x": -1.4037165082212006,
              "y": -1.1452005222804302,
              "z": 1.7363376722841224
            }
          }
        }
      },
      "sequence": {
        "subUnitsPerUnit": 30,
        "length": 3.04,
        "type": "PositionalSequence",
        "tracksByObject": {
          "ipad": {
            "trackData": {
              "uNjfZXGq_e": {
                "type": "BasicKeyframedTrack",
                "__debugName": "ipad:[\"position\",\"x\"]",
                "keyframes": [
                  {
                    "id": "Bs4rN440QD",
                    "position": 0,
                    "connectedRight": true,
                    "handles": [
                      0.5,
                      1,
                      0.5,
                      0
                    ],
                    "type": "bezier",
                    "value": 1.0462385044112263
                  },
                  {
                    "id": "ouv7tdR-CP",
                    "position": 0.233,
                    "connectedRight": true,
                    "handles": [
                      0.5,
                      1,
                      0.5,
                      0
                    ],
                    "type": "bezier",
                    "value": 1.0462385044112263
                  },
                  {
                    "id": "waWQtMQl4J",
                    "position": 0.567,
                    "connectedRight": true,
                    "handles": [
                      0.5,
                      1,
                      0.5,
                      0
                    ],
                    "type": "bezier",
                    "value": 1.0462385044112263
                  }
                ]
              },
              "Hhl7xmrc1i": {
                "type": "BasicKeyframedTrack",
                "__debugName": "ipad:[\"position\",\"y\"]",
                "keyframes": [
                  {
                    "id": "_Wsv30t6UI",
                    "position": 0,
                    "connectedRight": true,
                    "handles": [
                      0.5,
                      1,
                      0.5,
                      0
                    ],
                    "type": "bezier",
                    "value": -20.624116779031812
                  },
                  {
                    "id": "RNk5F33GCl",
                    "position": 0.233,
                    "connectedRight": true,
                    "handles": [
                      0.5,
                      1,
                      0.5,
                      0
                    ],
                    "type": "bezier",
                    "value": -20.624116779031812
                  },
                  {
                    "id": "1QhhbOSzax",
                    "position": 0.567,
                    "connectedRight": true,
                    "handles": [
                      0.5,
                      1,
                      0.5,
                      0
                    ],
                    "type": "bezier",
                    "value": -27.507887121879996
                  }
                ]
              },
              "AGCBUNRSj0": {
                "type": "BasicKeyframedTrack",
                "__debugName": "ipad:[\"position\",\"z\"]",
                "keyframes": [
                  {
                    "id": "2Mb2grnYMw",
                    "position": 0,
                    "connectedRight": true,
                    "handles": [
                      0.5,
                      1,
                      0.5,
                      0
                    ],
                    "type": "bezier",
                    "value": -32.0071555048237
                  },
                  {
                    "id": "_GAiTGqQ_R",
                    "position": 0.233,
                    "connectedRight": true,
                    "handles": [
                      0.5,
                      1,
                      0.5,
                      0
                    ],
                    "type": "bezier",
                    "value": -54.53197042564567
                  },
                  {
                    "id": "7pSwN-p7Tw",
                    "position": 0.567,
                    "connectedRight": true,
                    "handles": [
                      0.5,
                      1,
                      0.5,
                      0
                    ],
                    "type": "bezier",
                    "value": -54.53197042564567
                  }
                ]
              },
              "60T0Xg2fzk": {
                "type": "BasicKeyframedTrack",
                "__debugName": "ipad:[\"rotation\",\"x\"]",
                "keyframes": []
              },
              "_sLsqjxakn": {
                "type": "BasicKeyframedTrack",
                "__debugName": "ipad:[\"rotation\",\"y\"]",
                "keyframes": []
              },
              "pCtltU6Xd6": {
                "type": "BasicKeyframedTrack",
                "__debugName": "ipad:[\"rotation\",\"z\"]",
                "keyframes": []
              },
              "wugmSifaS8": {
                "type": "BasicKeyframedTrack",
                "__debugName": "ipad:[\"scale\",\"x\"]",
                "keyframes": []
              },
              "g3NTxuE2Se": {
                "type": "BasicKeyframedTrack",
                "__debugName": "ipad:[\"scale\",\"y\"]",
                "keyframes": []
              },
              "o005RFc7Ih": {
                "type": "BasicKeyframedTrack",
                "__debugName": "ipad:[\"scale\",\"z\"]",
                "keyframes": []
              }
            },
            "trackIdByPropPath": {
              "[\"position\",\"x\"]": "uNjfZXGq_e",
              "[\"position\",\"y\"]": "Hhl7xmrc1i",
              "[\"position\",\"z\"]": "AGCBUNRSj0",
              "[\"rotation\",\"x\"]": "60T0Xg2fzk",
              "[\"rotation\",\"y\"]": "_sLsqjxakn",
              "[\"rotation\",\"z\"]": "pCtltU6Xd6",
              "[\"scale\",\"x\"]": "wugmSifaS8",
              "[\"scale\",\"y\"]": "g3NTxuE2Se",
              "[\"scale\",\"z\"]": "o005RFc7Ih"
            }
          },
          "camera": {
            "trackData": {
              "f9voO6r40x": {
                "type": "BasicKeyframedTrack",
                "__debugName": "camera:[\"position\",\"x\"]",
                "keyframes": [
                  {
                    "id": "52MHTsvecQ",
                    "position": 0,
                    "connectedRight": true,
                    "handles": [
                      0.5,
                      1,
                      0.5,
                      0
                    ],
                    "type": "bezier",
                    "value": 1.3160605507549406
                  }
                ]
              },
              "o4FsZPfIhz": {
                "type": "BasicKeyframedTrack",
                "__debugName": "camera:[\"position\",\"y\"]",
                "keyframes": [
                  {
                    "id": "HnNc8kX44p",
                    "position": 0,
                    "connectedRight": true,